{
    "swagger": "2.0",
    "info": {
        "description": "CRM + VoIP backend",
        "title": "CallCentrix API",
        "contact": {},
        "version": "1.0"
    },
    "basePath": "/",
    "paths": {
        "/api/auth/login": {
            "post": {
                "description": "Authenticate user and return JWT token",
                "consumes": [
                    "application/json"
                ],
                "produces": [
                    "application/json"
                ],
                "tags": [
                    "Auth"
                ],
                "summary": "User login",
                "parameters": [
                    {
                        "description": "Login credentials",
                        "name": "credentials",
                        "in": "body",
                        "required": true,
                        "schema": {
                            "$ref": "#/definitions/auth.LoginRequest"
                        }
                    }
                ],
                "responses": {
                    "200": {
                        "description": "OK",
                        "schema": {
                            "$ref": "#/definitions/auth.LoginResponse"
                        }
                    },
                    "400": {
                        "description": "invalid request",
                        "schema": {
                            "type": "string"
                        }
                    },
                    "401": {
                        "description": "invalid username or password",
                        "schema": {
                            "type": "string"
                        }
                    },
                    "403": {
                        "description": "user disabled",
                        "schema": {
                            "type": "string"
                        }
                    }
                }
            }
        },
        "/api/sip/credentials": {
            "get": {
                "security": [
                    {
                        "BearerAuth": []
                    }
                ],
                "description": "Returns SIP credentials for authenticated user",
                "produces": [
                    "application/json"
                ],
                "tags": [
                    "SIP"
                ],
                "summary": "Get SIP credentials",
                "responses": {
                    "200": {
                        "description": "OK",
                        "schema": {
                            "$ref": "#/definitions/sip.CredentialsResponse"
                        }
                    },
                    "401": {
                        "description": "unauthorized",
                        "schema": {
                            "type": "string"
                        }
                    },
                    "404": {
                        "description": "sip account not found",
                        "schema": {
                            "type": "string"
                        }
                    }
                }
            }
        }
    },
    "definitions": {
        "auth.LoginRequest": {
            "type": "object",
            "properties": {
                "password": {
                    "type": "string"
                },
                "username": {
                    "type": "string"
                }
            }
        },
        "auth.LoginResponse": {
            "type": "object",
            "properties": {
                "token": {
                    "type": "string"
                }
            }
        },
        "sip.CredentialsResponse": {
            "type": "object",
            "properties": {
                "domain": {
                    "type": "string"
                },
                "sipPassword": {
                    "type": "string"
                },
                "sipUser": {
                    "type": "string"
                },
                "wsUrl": {
                    "type": "string"
                }
            }
        }
    },
    "securityDefinitions": {
        "BearerAuth": {
            "type": "apiKey",
            "name": "Authorization",
            "in": "header"
        }
    }
}